"""%1"" coupon code is not valid.","קוד קופון ""%"" לא תקין."
"%1","%1"
"%1 / %1 rate:","%1 / %1 שיעור:"
"%1 for %1","%1 עבור %1"
"%1 order(s) cannot be canceled","לא ניתן לבטל %1 הזמנות"
"%1 order(s) have been canceled."," %1 הזמנות בוטלו"
"%1 order(s) have been put on hold.","%1 הזמנות הועברו למצב המתנה"
"%1 order(s) have been released from holding status."," %1 הזמנות שוחררו ממצב המתנה"
"%1 order(s) were not put on hold."," %1 הזמנות לא הועברו למצב המתנה"
"%1 order(s) were not released from holding status.","לא ניתן לבטל %1 הזמנות"
"* - Enter custom price excluding tax","* - כנס מחיר לא כולל מס"
"* - Enter custom price including tax","* - הכנס מחיר כולל מס"
"-- Please Select --","-- בחר מהרשימה --"
"-- Please Select Billing Agreement--","-- אנא בחר הסכם חיוב--"
"About This Order:","פרטי הזמנה:"
"About This Profile:","אודות פרופיל זה:"
"About Your Invoice","אודות החיוב שלך"
"About Your Order","אודות הזמנתך"
"About Your Refund","אודות ההחזר שלך"
"About Your Shipment","אודות המשלוח שלך"
"Accept Payment","קבלת תשלום"
"Accept or Deny Payment","קבל או דחה תשלום"
"Account Information","מידע אודות חשבונך"
"Action","פעולה"
"Actions","פעולות"
"Activate","הפעל"
"Active","פעיל"
"Add","הוסף"
"Add New Address","הוסף כתובת חדשה"
"Add Order Comments","הוסף הערות להזמנה"
"Add Products","הוסף מוצרים"
"Add Selected Product(s) to Option","הוסף מוצר(ים) נבחרים לאופציה"
"Add Selected Product(s) to Order","הוסף מוצר(ים) נבחר(ים) להזמנה"
"Add To Order","הוסף להזמנה"
"Add Tracking Number","הוסף מספר מעקב"
"Add comment to order","הזמנה - הוסף הערה"
"Add new comment to shipment","משלוח - הוסף הערה"
"Add new tracking number","הוסף מספר מעקב"
"Add to Cart","הוספה לסל"
"Additional Product Info","פרטי מוצר נוספים"
"Address","כתובת"
"Address model is not defined.","לא הוגדרה כתובת מודל"
"Adjustment Fee","עמלת התאמה"
"Adjustment Refund","החזר התאמה"
"Agreement Information","פרטי הסכם"
"Allow Reorder","אפשר הזמנה מחדש"
"Amount","כמות"
"Amount: %1.","כמות: %1."
"An error occurred while assigning order status. Status has not been assigned.","ארעה שגיאה במהלך ייחוס סטאטוס הזמנה. סטאטוס לא יוחס."
"An error occurred while saving order status. The status has not been added.","ארעה שגיאה במהלך שמירת סטאטוס ההזמנה. הסטטוס לא התווסף."
"An error occurred while unassigning order status.","ארעה שגיאה במהלך ביטול ייחוס סטאטוס הזמנה"
"An error occurred while updating the order address. The address has not been changed.","ארעה שגיאה במהלך עדכון סטאטוס הזמנה. הכתובת לא שונתה. "
"An item option with code %1 already exists.","אפשרות מוצר עם הקוד  %1 קיימת כבר."
"Append Comments","הוסף הערות"
"Apply","הפעל/אשר"
"Apply Coupon Code","הפעל קוד קופון"
"Approved the payment online.","אושר התשלום המקוון"
"Are you sure you want to accept this payment?","האם אתה בטוח שאתה רוצה לקבל את התשלום הזה?"
"Are you sure you want to cancel this order?","האם לבטל את ההזמנה?"
"Are you sure you want to deny this payment?","האם אתה בטוח שאתה לדחות את התשלום הזה?"
"Are you sure you want to do this?","האם אתה בטוח שברצונך להמשיך?"
"Are you sure you want to send Creditmemo email to customer?","האם אתה בטוח שאתה רוצה לשלוח דוא""ל  Creditmemo ללקוח?"
"Are you sure you want to send Invoice email to customer?","האם אתה בטוח שאתה רוצה לשלוח דוא""ל חיוב ללקוח?"
"Are you sure you want to send Shipment email to customer?","האם אתה בטוח שאתה רוצה לשלוח דוא""ל משלוח ללקוח?"
"Are you sure you want to send order email to customer?","האם אתה בטוח שאתה רוצה לשלוח דוא""ל הזמנה ללקוח?"
"Are you sure you want to void the payment?","האם אתה בטוח שאתה רוצה לבטל את תוקפו של התשלום?"
"Are you sure?","האם אתה בטוח?"
"Are you sure? This order will be canceled and a new one will be created instead","האם אתה בטוח? ההזמנה הנבחרת תבוטל והזמנה חדשה תיווצר במקומה"
"Assign Order Status to State","ייחס סטאטוס הזמנה למצב"
"Assign Status to State","ייחס סטאטוס למצב"
"Assignment Information","פרטי ייחוס"
"At least a payment ID must be set.","חובה להגדיר לפחות קוד ID תשלום"
"Authorization","אישור"
"Authorized amount of %1.","כמות שאושרה: %1."
"Authorizing amount of %1 is pending approval on gateway.","אישור כמות  %1 ממתין בשער."
"Back","חזור"
"Back to Billing Agreements","חזור להסכמי חיוב"
"Back to My Orders","חזור להזמנות שלי"
"Back to Recurring Profiles","חזור לפרופילים מחזוריים"
"Backordered","הוזמן כהזמנת חוסר מלאי"
"Bestsellers","רב-מכר"
"Bill to Name","שלח חיוב לשם"
"Billing","חיוב"
"Billing Address","כתובת לחיוב"
"Billing Agreement","הסכמי חיוב"
"Billing Agreement # %1","הסכמי חיוב # %1"
"Billing Agreement #%1","הסכמי חיוב #%1"
"Billing Agreement View"," סקירת הסכמי חיוב"
"Billing Agreements","הסכמי חיוב"
"Buy %1 for price %1","קנה %1 במחיר %1"
"CSV","CSV"
"Cancel","בטל"
"Cancel invoice","בטל חשבונית"
"Cancel order","בטל הזמנה"
"Canceled","בוטל"
"Canceled order offline.","ביטל המזנה לא מקוונת"
"Canceled order online.","ביטל הזמנה מכוונת"
"Cannot add order history.","לא ניתן להוסיף היסטורית הזמנות"
"Cannot create an empty shipment.","לא יכול ליצור משלוח ריק."
"Cannot determine the field name.","לא ניתן להגדיר שם שדה"
"Cannot do invoice for order.","לא ניתן ליצור חיוב להזמנה"
"Cannot do shipment for order.","לא ניתן ליצור משלוח להזמנה"
"Cannot get order instance","לא ניתן לקבל ערכאת הזמנה"
"Cannot get the order instance.","לא ניתן לקבל ערכאת הזמנה"
"Cannot register an existing credit memo.","לא ניתן לרשום תזכיר אשראי קיים"
"Cannot register existing invoice","לא ניתן לרשום חשבונית קיימת"
"Cannot register existing shipment","לא ניתן לרשום משלוח קיים"
"Capture","לכידה"
"Capture Amount","כמות לכידה"
"Capture Offline","כלכידה לא מכוונת"
"Capture Online","לכידה מקוונת"
"Capture invoice","חשבונית לכידה"
"Captured amount of %1 online.","כמות לכידות מקוונות:  %1 ."
"Capturing amount of %1 is pending approval on gateway.","לוכד כמות של  %1  הממתינים לאישור בשער."
"Carrier","משלח"
"Carrier/Method","משלח/שיטה"
"Change status, add comments","שנה סטטוס, הוסף הערות"
"Changing address information will not recalculate shipping, tax or other order amount.","שינוי כתובת לא יבצע חישוב מחדש של עלויות משלוח, מע""מ או עלויות נוספות."
"Checkout Totals Sort Order","סידור סדר סה""כ צ'ק אאוטים שבוצעו"
"City","עיר"
"Click to change shipping method","לחץ כדי לשנות שיטת משלוח"
"Close","סגור"
"Closed","סגור"
"Comma-separated.","מופרד פסיק"
"Comment","הודעה"
"Comment Text","טקסט הערה"
"Comments","הערות"
"Comments History","היסטוריית הערות"
"Company","חברה"
"Complete","הושלם"
"Configure","עצב"
"Configure and Add to Order","עצב והוסף להזמנה"
"Country","ארץ"
"Coupons","קופונים"
"Create","צור"
"Create New Customer","צור לקוח חדש"
"Create New Order","צור הזמנה חדשה"
"Create New Order Status","צור סטאטוס הזמנה חדש"
"Create New Order for %1","צור הזמנה חדשה עבור %1"
"Create New Order for %1 in %1","צור הזמנה חדשה עבור %1 ב %1"
"Create New Order for New Customer","צור הזמנה חדשה עבור לקוח חדש"
"Create New Order for New Customer in %1","צור הזמנה חדשה ללקוח חדש ב %1"
"Create New Status","צור סטאטוס חדש"
"Create Shipment","צור שילוח"
"Create new invoice for order","צור חשבונית חדשה להזמנה"
"Create new shipment for order","צור שילוח חדש להזמנה"
"Create...","צור..."
"Created At","נוצר ב-"
"Created billing agreement #%1.","הסכמי חיוב שנוצרו #%1."
"Created:","נוצרו:"
"Credit Memo","זכות"
"Credit Memo #","חשבונית זיכוי #"
"Credit Memo # ","חשבונית זיכוי #"
"Credit Memo #%1$s | %3$s | %2$s (%4$s)","תזכיר אשראי #%1$s | %3$s | %2$s (%4$s)"
"Credit Memo Comment Email Sender","הערה על זכות - אימייל השולח"
"Credit Memo Comment Email Template","הערה על זכות - תבנית אימייל"
"Credit Memo Comment Email Template for Guest","החזרים - תבנית אימייל - הערות לאורחים"
"Credit Memo Comments","הערות על זכות"
"Credit Memo Email Sender","זכות - אימייל השולח"
"Credit Memo Email Template","זכות - תבנית אימייל"
"Credit Memo Email Template for Guest","החזרים - תבנית אימייל לאורחים"
"Credit Memo Update","החזרים - עדכון"
"Credit Memo Update for Guest","החזרים - עדכון לאורחים"
"Credit Memos","החזרים"
"Credit memo has been created automatically","תזכיר אשראי נוצר באופן אוטומטי"
"Creditmemo","החזר"
"Credit Memo #%1"," חשבונית זיכוי %1#"
"Custom Price","מחיר מותאם"
"Custom Value","ערך המכס"
"Customer","לקוח"
"Customer Can Define Start Date","לקוח יכול להגדיר תאריך התחלה"
"Customer Email","דוא""ל לקוח"
"Customer Group","קבוצת לקוח"
"Customer Last Name","שם משפחה של לקוח"
"Customer My Account Order Creditmemo View","סקירה של תזכירי אשראי של הזמנות של לקוח"
"Customer My Account Order History","היסטוריית הזמנות של לקוח"
"Customer My Account Order Invoice View","סקירת חיובי הזמנות של לקוח"
"Customer My Account Order Shipment View","סקירת משלוחי הזמנות של לקוח"
"Customer My Account Order View","סקירת הזמנות של לקוח"
"Customer Name","שם לקוח"
"Customer\'s Current Activities","לקוח - פעולות נוכחיות"
"Date","תאריך"
"Date Shipped","תאריך שילוח"
"Default Status","סטאטוס ברירת מחדל"
"Default logo, will be used in PDF and HTML documents.<br />(jpeg, tiff, png)","לוגו ברירת מחדל למסמכי PDF ו- HTML.<br />(jpeg, tiff, png)"
"Delete","מחק/מחיקה"
"Denied the payment online.","נדחה התשלום המקוון"
"Deny Payment","דחה תשלום"
"Description Message","הודעת תיאור"
"Discount","הנחה"
"Discount (%1)","הנחה (%1)"
"Discount Amount","גובה/כמות הנחה"
"Display Order ID in Header","הצג קוד הזמנה בכותרת עליונה"
"Edit","ערוך"
"Edit Order","ערוך הזמנה"
"Edit Order #%1","ערוך הזמנה #%1"
"Edit Order %1 %1 Address","ערוך כתובת הזמנה %1 %1 "
"Edit Order Status","ערוך סטאטוס הזמנה"
"Email","מייל"
"Email Copy of Credit Memo","שלח העתק זכות במייל"
"Email Copy of Invoice","שלח העתק חשבונית (אימייל)"
"Email Copy of Shipment","שלח העתק שילוח (אימייל)"
"Email Order Confirmation","שלח אישור הזמנה (אימייל)"
"Enable","אפשר"
"Enabled","פעיל"
"Error to Show in Shopping Cart","שגיאה לתצוגה בעגלת קניות"
"Excel XML","Excel XML"
"Excl. Tax","לא כולל מס"
"Expired","פג תוקף"
"Failed to cancel the billing agreement.","נכשל בביטול הסכם חיוב"
"Failed to create billing agreement for this order.","נכשל ביצירת הסכם חיוב עבור הזמנה זאת"
"Failed to finish billing agreement wizard.","נכשל בסיום אשף הסכם חיוב"
"Failed to send the order email.","נכשל בשליחת דוא""ל הזמנה"
"Failed to start billing agreement wizard.","נכשל בהתחלת אשף הסכם חיוב"
"Failed to update the payment.","נכשל בעדכון התשלום"
"Failed to update the profile.","נכשל בעדכון הפרופיל"
"Failed to void the payment.","נכשל בביטול תוקפו של"
"Fetch","השג"
"First Name","שם פרטי"
"From","מ"
"From Name","משם"
"From:","מ:"
"G.T. (Base)","G.T. (בסיס)"
"G.T. (Purchased)","G.T. (נרכש)"
"General Information","מידע כללי"
"Get Payment Update","קבל עדכון תשלום"
"Get Update","קבל עדכון"
"Get shipping methods and rates","קבל סוג שילוח ותעריפים"
"Gift Message","ברכה"
"Gift Message for This Order","הודעת ברכה עבור הזמנה זאת"
"Gift Message for the Entire Order","הודעת ברכה עבור ההזמנה כולה"
"Gift Message for this Order","ברכה להזמנה זו"
"Gift Options","אפשרויות ברכה"
"Grand Total","סה""כ"
"Grand Total to be Charged","סה""כ סכום לחיוב"
"Guest","אורח"
"Hold","החזק/עצור/השהה"
"Hold action is not available.","לא ניתן לבצע השהיית פעולה"
"Hold order","השהה הזמנה"
"ID","קוד/ת.ז/זיהוי"
"ID #","ID #"
"IPN ""Refunded"". Refund issued by merchant. Registered notification about refunded amount of %1. Transaction ID: ""%1""","IPN ""הוחזר"". ההחזר שהופנה על ידי הסוחר. הערה שנרשמה אודות ההחזר של %1. קוד העברה ID: ""%1"""
"If empty, the default description above will be used.","אם ריק, יבוצע שימוש בתיאור שמתואר לעיל"
"If empty, the default error above will be used.","אם ריק, יבוצע שימוש בהודעת השגיאה שמצורפת לעיל"
"If the invoice was created offline, try creating an offline creditmemo.","אם החיוב נוצר בצורה לא מקוונת, נסה ליצור תזכיר אשראי לא מקוון"
"Incl. Tax","כולל מס"
"Information","מידע"
"Initial Fee","עמלה ראשונית"
"Initial Fees","עמלות ראשונות"
"Initial period payment","תשלום מחזור ראשוני"
"Invalid block: %1.","בלוק לא תקין: %1."
"Invalid carrier specified.","צוין שליח לא תקין "
"Invalid draw line data. Please define ""lines"" array.","פרטי ציור קו נתונים לא תקין. אנא הגדר ערכאת  ""קווים"" "
"Invalid entity model","מודול יישות לא תקין"
"Invalid item option format.","פורמט אפשרות פריט לא תקינה"
"Invalid qty to invoice item ""%1""","כמות לא תקינה לחיוב פריט ""%1"""
"Invalid qty to refund item ""%1""","כמות לא תקנה להחזר פריט ""%1"""
"Invalid qty to ship for item ""%1""","כמות לא תקינה למשלוח פריט ""%1"""
"Invalid renderer model","מודל renderer לא תקין"
"Invalid request for adding product to quote.","בקשה לא תקינה להוספת פריט לציטוט"
"Invoice","חשבונית"
"Invoice #","# חשבונית"
"Invoice # ","# חשבונית"
"Invoice #%1$s | %2$s | %4$s (%3$s)","חשבונית #%1$s | %2$s | %4$s (%3$s)"
"Invoice #%1","# חשבונית %1"
"Invoice # "," חשבונית מס/ קבלה "
"Invoice Comment Email Sender","הערת חשבונית לאימייל שולח"
"Invoice Comment Email Template","הערת חשבונית לתבנית אימייל"
"Invoice Comment Email Template for Guest","תבנית דוא""ל הערת חשבונית עבור מבקרים"
"Invoice Comments","חשבונית - הערות"
"Invoice Date","תאריך חשבונית: %1"
"Invoice creation date %1","תאריך יצירת חשבונית  %1"
"Invoice Email Sender","חשבונית - אימייל השולח"
"Invoice Email Template","חשבונית - תבנית אימייל"
"Invoice Email Template for Guest","Invoice Email Template for Guest"
"Invoice Update","עדכון חשבונית"
"Invoice Update for Guest","עדכון חשבונית אורח"
"Invoice and Packing Slip Design","עיצוב חשבונית ורשימת מארז"
"Invoice and Ship","חייב ושלח"
"Invoice canceling problem.","שגיאה בביטול חשבונית"
"Invoice cannot be canceled.","לא ניתן לבטל את החשבונית"
"Invoice cannot be captured.","לא ניתן ללכוד את החשבונית"
"Invoice cannot be voided.","לא ניתן לבטל את תוקפה של החשבונית"
"Invoice capturing problem.","שגיאה בלכידת חשבונית"
"Invoice void problem","בעיית חשבונית ריקה"
"Invoice will be created without communication with payment gateway.","חשבונית תיווצר ללא קשר לשערי תשלום"
"Invoiced","נרשם בחשבונית"
"Invoices","חשבוניות"
"Is Closed","נסגר"
"Item","פריט"
"Item Status","סטטוס פריט"
"Item object is not specified.","לא צוין אובייקט פריט"
"Item options declaration error.","שגיאה בכרזת אפשרות מוצר"
"Item ordered qty","פריט - כמות מוזמנת"
"Item qty declaration error.","שגיאה בהכרזת כמות פריט"
"Items","פריטים"
"Items Invoiced","פריטים בחשבונית"
"Items Ordered","פריטים שהוזמנו"
"Items Refunded","פריטים שהוחזרו"
"Items Shipped","פריטים שנשלחו"
"Items maximum quantity or price do not allow checkout.","כמות מקסימלית של פריטים או סכום לא מאפשרים צ'ק אאוט"
"Items options declaration error.","שגיאה בהכרזת אפשרויות פריט"
"Items to Refund","פריטים להחזר"
"Items to Ship","פריטים לשילוח"
"Key","מפתח"
"Last Name","שם משפחה"
"Last Ordered Items","פריטי הזמנה אחרונה"
"Last status can\'t be unassigned from state.","לא ניתן לבטל ייחוס סטאטוס ממצב אחרון"
"Link to the New Order","קישור להזמנה חדשה"
"Link to the Previous Order","קישור להזמנה קודמת"
"Logo for HTML Print View","לוגו עבור תצוגת הדפה של HTML"
"Logo for HTML documents only. If empty, default will be used.<br />(jpeg, gif, png)","לוגו עבור מסמכי HTML בלבד. אם ריק, יבוצע שימוש בברירת מחדל.<br />(jpeg, gif, png)"
"Logo for PDF Print-outs (200x50)","לוגו עבור הדפסות PDF (200x50)"
"Manage","נהל"
"Maximum shipping amount allowed to refund is: %1","כמות מקסימלית של משלוח שלהחזר: %1"
"Message","הודעה"
"Message:","הודעה:"
"Minimum Amount","כמות מינימלית"
"Minimum Order Amount","כמות מינימלית להזמנה"
"Mixed","משולב/מעורבב"
"Move to Shopping Cart","העבר לעגלת הקניות"
"Move to Wishlist","עבור לרשימת החלומות"
"Multi-address Description Message","הודעת תיאור מרובת כתובות"
"Multi-address Error to Show in Shopping Cart","שגיאה מרובת כתובת לתצוגה בעגלת הקניות"
"My Orders","ההזמנות שלי"
"My Orders - Details","הזמנות שלי - פרטים"
"N/A","לא זמין"
"Name","שם"
"New","חדש"
"New Billing Agreement","הסכם חיוב חדש"
"New Credit Memo","תזכיר אשראי חדש"
"New Credit Memo for Guest","תזכיר אשראי חדש למבקר"
"New Invoice","חשבונית חדשה"
"New Invoice and Shipment for Order #%1","חשבונית ומשלוח חדש עבור ההזמנה #%1"
"New Invoice for Guest","חשבונית חדשה עבור המבקר"
"New Invoice for Order #%1","חשבונית חדשה עבור ההזמנה #%1"
"New Order","הזמנה חדשה"
"New Order Confirmation Email Sender","שולח דוא""ל אישור הזמנה חדשה"
"New Order Confirmation Template","תבנית אישור הזמנה חדשה"
"New Order Confirmation Template for Guest","תבנית אישור הזמנה חדשה עבור מבקרים"
"New Order RSS","RSS הזמנה חדשה"
"New Order Status","סטאטוס הזמנה חדשה"
"New Order for Guest","הזמנה חדשה עבור מבקר"
"New Shipment","שילוח/משלוח חדש"
"New Shipment for Guest","משלוח חדש עבור מבקר"
"New Shipment for Order #%1","משלוח חדש עבור ההזמנה #%1"
"Newsletter Subscription","ניוזלטר - רישום"
"No","לא"
"No Items","ללא פרטים"
"No Items To Refund","אין פריטים לביצוע החזר"
"No Payment Methods","אין/ללא שיטות תשלום"
"No detail for number ""%1""","אין פרטים אודות המספר ""%1"""
"No information available.","אין מידע זמין"
"No items","ללא פרטים"
"No order(s) were put on hold.","לא הועברו הזמנות למצב המתנה"
"No order(s) were released from holding status.","לא הועברו הזמנות ממצב המתנה"
"No ordered items","אין פריטים שהוזמנו"
"No shipping information available","אין פרטי משלוח זמינים"
"No valid transaction found for this payment review.","לא נמצאה העברה תקינה עבור סקירת התשלום"
"Nominal Items","פריטים נקובים"
"Nominal item can be purchased standalone only. To proceed please remove other items from the quote.","ניתן לבצע רכישה של פריט נקוב רק כפריט בודד בהזמנה. כדי להמשיך , אנא הסר את הפריטים הנוספים."
"Nominal order registered.","הזמנה נקובה נרשמה"
"Not Capture","לא נלכד"
"Not Initialized","לא ניזם"
"Not Notified","לא צוין"
"Not enough valid data to save the parent transaction ID.","אין מספיק מידע תקין לשמירת קו דID של העברה ראשית."
"Notification Not Applicable","הודעה לא יישימה"
"Notified","הודעה הועברה"
"Notify Customer by Email","עדכן את הלקוח באמצעות דוא""ל"
"Number","מספר"
"Number of Invoiced Orders","מספר הזמנות שחויבו"
"Number of Orders","כמות הזמנות"
"Number of Refunded Orders","מספר הזמנות הוחזרו"
"Offline Refunded","החזרים לא מקוונים"
"On Hold","מושהה"
"Online Refunded","החזרים מקוונים"
"Order","הזמנה"
"Order #","מס' הזמנה"
"Order # ","מס' הזמנה"
"Order # %1","הזמנה # %1"
"Order # %1 %1 | %1","הזמנה # %1 %1 | %1"
"Order #%1","מס' הזמנה %1"
"Order #%1 - %1","הזמנה מס' %1 - <small><em>%1</em></small>"
"Order API","ממשק ניהול הזמנות"
"Order Address Information","פרטי כתובת הזמנה"
"Order Comment","הערת הזמנה"
"Order Comment Email Sender","הערת שולח דוא""ל הזמנה"
"Order Comment Email Template","תבנית דוא""ל הערת הזמנה"
"Order Comment Email Template for Guest","תבנית דוא""ל של הזמנה ללקוח"
"Order Comments","הערות הזמנה"
"Order Credit Memos","הזמנה - החזרים"
"Order Currency:","מטבע הזמנה:"
"Order Date","תאריך הזמנה"
"Order Date (%1)","תאריך הזמנה (%1)"
"Order Date: ","תאריך הזמנה:"
"Order Date: %1","תאריך הזמנה: %1"
"Order Details","פרטי ההזמנה"
"Order Grand Total","הזמנה - סה""כ"
"Order History","היסטוריית הזמנה"
"Order History Info","פרטי היסטוריית המזנה"
"Order ID","קוד הזמנה"
"Order Information","מידע על ההזמנה"
"Order Invoices","חשבוניות הזמנה"
"Order Shipments","הזמנה - משלוחים"
"Order State","מצב הזמנה"
"Order Status","סטטוס הזמנה"
"Order Status Information","פרטי סטאטוס הזמנה"
"Order Statuses","מצב הזמנות"
"Order Subtotal","סך ביניים להזמנה"
"Order Taxes Report Grouped by Tax Rates","דוחות מס מקובצים לפי שיעורי מס של הזמנה"
"Order Total","סה""כ להזמנה"
"Order Totals","סיכום הזמנה"
"Order Update","עידכון הזמנה"
"Order Update for Guest","עדכון הזמנה עבור לקוח"
"Order View","מבט הזמנה"
"Order does not allow to be canceled.","לא ניתן לבטל הזמנה"
"Order invoice","חשבונית הזמנה"
"Order is suspended as its capture amount %1 is suspected to be fraudulent.","ההזמנה  %1 הושהתה מכיוון שלכידת הכמות חשודה."
"Order object is not specified.","לא צוין אובייקט הזמנה"
"Order saving error: %1","שמירת הזמנה, שגיאה: %1"
"Order shipments","הזמנה - משלוחים"
"Order status does not exist.","סטאטוס הזמנה לא קיים"
"Order status with the same status code already exist.","סטאטוס הזמנה עם קוד סטאטוס זההכבר קיים"
"Order was placed using %1","ההזמנה בוצעה באמצעות %1"
"Ordered","הוזמן"
"Ordered amount of %1.","כמות מוזמנת של %1."
"Ordering amount of %1 is pending approval on gateway.","הזמנה של  %1 כמויות  ממתינה."
"Orders","הזמנות"
"Original Price","מחיר מקורי"
"Original order item that recurring payment profile correspondss to.","פריט הזמנה מקורי של תשלום פרופיל חוזר תואם ל "
"PDF Credit Memos","צור PDF להחזרים"
"PDF Invoices","צור PDF לחשבוניות"
"PDF Packingslips","צור PDF לרשימת מארז"
"PDF Print-outs"," תדפיס PDF"
"PDF object is not specified.","פריט PDF לא צוין."
"PDF page object is not specified.","לא צוין אובייקט דף PDF"
"PDF total model should extend Mage_Sales_Model_Order_Pdf_Total_Default","מודול כולל של PDF צריך לכלול  Mage_Sales_Model_Order_Pdf_Total_Default"
"Packingslip # ","רשימת אריזה #"
"Paid","שולם"
"Paid Amount","כמות ששולמה"
"Parent Transaction ID","קוד ID של העברה ראשית"
"Parent transaction ID must have a transaction ID.","קוד ID של העברה ראשית חייב להכיל קוד העברת ID"
"Partial","חלקי"
"Payment Failed","תשלום נכשל"
"Payment Information","אמצעי התשלום"
"Payment Method","שיטת התשלום"
"Payment Method Name","שם שיטת שלום"
"Payment Method:","שיטת תשלום:"
"Payment Review","סקירת תשלום:"
"Payment disallow storing objects.","תשלום לא מאשר אחסון אובייקטים"
"Payment transactions disallow storing objects.","העברת תשלום לא מאפשר אחסון אובייקטים"
"Payment type","סוג תשלום"
"Payment update has been made.","עדכון תשלום בוצע בהצלחה"
"Pending","בהמתנה"
"Pending Payment","תשלום בהמתנה"
"Period","תקופה"
"Place Order Using Billing Agreements","בצע הזמנה באמצעות הסכמי חיוב"
"Placed from IP","מוקם מ IP"
"Please Select Products to Add","אנא, בחר מוצרים להוספה"
"Please Select a Customer","אנא, בחר לקוח"
"Please Select a Store","אנא, בחר חנות"
"Please define PDF object before using.","אנא בחר אובייקט PDF לפני שימוש"
"Please enter positive number in this field.","אנא , הכנס ערך כמותי חיובי לשדה זה"
"Please specify a valid grid column alias name that exists in grid table.","אנא ציין שם כינוי תקין עבור עמודת grid אשר קיימת בטבלת grid"
"Price","מחיר"
"Print","הדפס"
"Print All","הדפס הכל"
"Print All Invoices","הדפסת כל החשבוניות"
"Print All Refunds","הדפס את כל ההחזרים"
"Print All Shipments","הדפס את כל המשלוחים"
"Print Credit Memos","הדפס החזרים"
"Print Invoice","הדפסת הזמנה"
"Print Invoices","הדפס חשבוניות"
"Print Order","הדפס הזמנה"
"Print Order # %1","הדפס הזמנה # %1"
"Print Packingslips","הדפס רשימות מארז"
"Print Refund","הדפס החזר"
"Print Shipment","הדפס משלוח"
"Processing","מעבד"
"Product","מוצר"
"Product Name","שם המוצר"
"Products","מוצרים"
"Products Bestsellers Report","דוח המוצרים הנמכרים ביותר"
"Products in Comparison List","מוצרים ברשימת השוואה"
"Profile #%1","פרופיל #%1"
"Profile Information","מידע פרופיל"
"Profile State","מצב פרופיל"
"Profit","רווח"
"Promotion Coupons Usage Report","דוח שימוש בקופוני קידום"
"Proper payment object must be set.","חובה לציין אובייקט תשלום תקין"
"Purchased From","נקנה מ"
"Purchased From (Store)","נרכש מ (חנות)"
"Purchased Item","פריט שנרכש"
"Purchased On","נקנה בתאריך/נקנה ב"
"Qty","כמות"
"Qty Invoiced","כמות בחשבונית"
"Qty Ordered","כמות מוזמנת"
"Qty Shipped","כמות שמשלחה"
"Qty To Add","כמות להוספה"
"Qty to Add","כמות להוספה"
"Qty to Invoice","כמות לחשבונית"
"Qty to Refund","כמות להחזר"
"Qty to Ship","כמות למשלוח"
"Quantity Ordered","כמות מוזמנת"
"Quote item id is not received.","קוד ID של פריט מזוהה לא התקבל"
"Quote item is not loaded.","פריט מזוהה לא נטען"
"Rate","שיעור"
"Recent Orders","הזמנות אחרונות"
"Recently Compared Products","מוצרים שהושוו לאחרונה"
"Recently Viewed","נצפו לאחרונה"
"Recently Viewed Products","מוצרים שנצפו לאחרונה"
"Recurring Profile # %1","פרופיל חוזר # %1"
"Recurring Profile Initial Fee","עמלה ראשונית של פרופיל חוזר"
"Recurring Profiles","פרופילים חוזרים"
"Recurring Profiles (beta)","פרופילים חוזרים (בטא)"
"Reference ID","קוד ID של מפנה"
"Reference ID:","קוד ID של מפנה:"
"Refresh","רענן"
"Refund","החזר כספי"
"Refund #","החזר #"
"Refund #%1","החזר #%1"
"Refund Amount","גובה החזר"
"Refund Offline","החזר לא מקוון"
"Refund Shipping","החזר משלוח"
"Refund Shipping (Excl. Tax)","החזר משלוח ( לא כולל מס)"
"Refund Shipping (Incl. Tax)","החזר משלוח (כולל מס)"
"Refund Totals","סה""כ החזרים"
"Refunded","הוחזר"
"Refunded amount of %1 offline.","כמות החזר לא מקוונת %1 ."
"Refunded amount of %1 online.","כמות החזר  מקוונת %1 ."
"Refunds","החזרים"
"Registered a Void notification.","נרשמה הערה שפגה תוקף"
"Registered notification about approved payment.","נרשמה הערה לגבי תשלום שאושר"
"Registered notification about captured amount of %1.","נרשמה הערה לגבי כמות שנלכדה עבור %1."
"Registered notification about denied payment.","נרשמה הערה לגבי תשלום שנדחה"
"Registered notification about refunded amount of %1.","נרשמה הערה לגבי כמות החזר של %1."
"Registered update about approved payment.","עדכון נרשם לגבי תשלום משופר."
"Registered update about denied payment.","עדכון נרשם  לגבי תשלום שנדחה"
"Regular Payment","תשלום רגיל"
"Related Orders","הזמנות קשורות"
"Remove","הסר"
"Remove Coupon Code","הסר קוד קופון"
"Remove tracking number","הסר מספר מעקב"
"Reorder","הזמן מחדש"
"Retrieve invoice info","אחזר פרטי חשבונית"
"Retrieve invoice information","אחזר פרטי חשבונית"
"Retrieve list of invoices by filters","אחזר רשימת חשבוניות לפי מסננים"
"Retrieve list of orders by filters","אחזר רשימת הזמנות לפי מסננים"
"Retrieve list of shipments by filters","אחזר רשימת משלוחים לפי מסננים"
"Retrieve order information","אחזר פרטי הזמנה"
"Retrieve orders info","אחזר פרטי הזמנות"
"Retrieve shipment info","אחזר פרטי משלוח"
"Retrieve shipment information","אחזר פרטי משלוח"
"Return to Stock","חזור למלאי"
"Returned","הוחזר"
"Revenue","פדיון"
"Row Subtotal","סיכום ביניין של שורות"
"Row Total","סה""כ שורה"
"SHIP TO:","שלח אל:"
"SKU","מק""ט"
"SOLD TO:","נמכר ל:"
"Sales","מכירות"
"Sales Discount","הנחות במכירת"
"Sales Emails","דוא""ל מכירות"
"Sales Emails Section","אזור דוא""ל מכירות"
"Sales Invoice Print View","סקירת הדפסת חשבונית מכירות"
"Sales Items","פרטי מכירות"
"Sales Order Print View","סקירת הדפסת הזמנת מכירת"
"Sales Section","איזור - מכירות"
"Sales Shipment Print View","סקירת הדפסת משלוח מכירות"
"Sales Shipping","משלוח מכירות"
"Sales Tax","מס מכירות"
"Sales Total","סה""כ מכירות"
"Same As Billing Address","זהה לכתובת חיוב התשלום"
"Save Order Address","שמור כתובת הזמנה"
"Save Status","שמור סטאטוס"
"Save Status Assignment","שמור ייחוס סטאטוס"
"Save in address book","שמור בספר הכתובות"
"Schedule","לו""ז"
"Select","בחר"
"Select from existing customer addresses:","בחר מכתובות לקוח קיימות:"
"Send Credit Memo Comment Email Copy To","שלח דוא""ל עותק הערת תזכיר אשראי ל"
"Send Credit Memo Email Copy To","שלח דוא""ל עותק תזכיר אשראי ל"
"Send Email","שלח דוא""ל"
"Send Invoice Comment Email Copy To","שלח עותק הערות חשבונית באימייל ל"
"Send Invoice Email Copy To","שלח עותק חשבונית באימייל ל"
"Send Order Comment Email Copy To","שלח עותק רות הזמנה באימייל ל"
"Send Order Email","שלח דוא""ל הזמנה"
"Send Order Email Copy Method","שלח דוא""ל עותק שיטת הזמנה"
"Send Order Email Copy To","שלח עותק הזמנה באימייל ל"
"Send Sales Emails","שלח דוא""ל מכירות"
"Send Shipment Comment Email Copy To","שלח עותק הערות שילוח באימייל ל"
"Send Shipment Email Copy To","שלח עותק שילוח באימייל ל"
"Send Tracking Information","שלח מידע מעקב הזמנה"
"Set order for existing transactions not allowed","סט הזמנות להעברות קיימות לא אפשרי"
"Ship","שלח"
"Ship To","שלח ל"
"Ship to Name","שלח אל - שם"
"Shipment","משלוח"
"Shipment #","משלוח #"
"Shipment #%1$s | %3$s (%2$s)","משלוח #%1$s | %3$s (%2$s)"
"Shipment #%1","משלוח #%1"
"Shipment Comment Email Sender","דוא""ל הערות משלוח של שולח"
"Shipment Comment Email Template","דוא""ל תבנית הערות משלוח"
"Shipment Comment Email Template for Guest","דוא""ל תבנית הערות משלוח למבקר"
"Shipment Comments","הערות שילוח"
"Shipment Email Sender","משלוח - אימייל השולח"
"Shipment Email Template","משלוח - תבנית אימייל"
"Shipment Email Template for Guest","תבנית דוא""ל משלוח למבקר"
"Shipment Update","עדכון משלוח"
"Shipment Update for Guest","עדכון משלוח למבקר"
"Shipments","משלוחים"
"Shipped","נשלח"
"Shipped By","נשלח ע""י"
"Shipping","משלוח"
"Shipping & Handling","טיפול ומשלוח"
"Shipping &amp; Handling","שילוח;טיפול"
"Shipping &amp; Handling Information","מידע על שילוח;טיפול"
"Shipping Address","כתובת למשלוח"
"Shipping Amount","כמות למשלוח"
"Shipping Information","פרטי המשלוח"
"Shipping Method","שיטת משלוח"
"Shipping Method:","שיטת משלוח:"
"Shipping Refund","שילוח - החזר"
"Shipping and Tracking Information","פרטי שילוח ומעקב"
"Shopping Cart","סל קניות"
"Signed Up From","טופס הרשמה"
"Sku","מק""ט"
"Some of the products below do not have all the required options. Please edit them and configure all the required options.","חלק מהמוצרים המפורטים לא מכילים את כלל האפשרויות הנדרשות. אנא, ערוך אותם והגדר את כל האפשרויות הנדרשות."
"Sorry, no quotes are available for this order at this time.","אנו מתנצלים. בשלב זה אין הצעות מחיר להזמנה זו."
"Source object is not specified.","לא צוין מקור אובייקט"
"Specified profile does not exist.","פרופיל שצוין לא קיים"
"State Code [State Title]","קוד מדינה [State Title]"
"State/Province","מדינה/מחוז"
"Status","מצב"
"Status Code","קוד סטאטוס"
"Status Label","תווית סטאטוס"
"Status:","סטטוס:"
"Store Credit","חנות - קרדיט"
"Store View Specific Labels","תווית תצוגת חנות מסוימת"
"Street Address","כתובת מגורים"
"Submit Comment","אשר הערה"
"Submit Credit Memo","אשר תזכיר אשראי"
"Submit Invoice","אשר חשבונית"
"Submit Invoice and Shipment","אשר חשבונית ומשלוח"
"Submit Order","אשר הזמנה"
"Submit Shipment","אשר משלוח"
"Subscribe to Newsletter","הירשם לניוזלטר"
"Subscribe to Order Status","הרשם לתזכורות סטטוס הזמנה"
"Subtotal","סך ביניים"
"Subtotal after discount.","סך ביניים אחרי הנחה"
"Subtotal:","סך ביניים:"
"Suspected Fraud","חשד להונאה"
"Suspend","השהה"
"Suspended","הושהה"
"Tax","מע""מ"
"Tax Amount","סכום מע""מ"
"Tax Percent","אחוז מס"
"Telephone","טלפון"
"The Order State ""%1"" must not be set manually.","מצב ההזמנה ""%1"" לא ניתן להגדרה באופן ידני."
"The address total model should be extended from Mage_Sales_Model_Quote_Address_Total_Abstract.","מודול כללי של כתובת צריך להיות הרחבה של Mage_Sales_Model_Quote_Address_Total_Abstract."
"The billing agreement ""%1"" has been canceled.","הסכם החיוב ""%1"" בוטל."
"The billing agreement ""%1"" has been created.","הסכם החיוב ""%1"" נוצר."
"The coupon code has been accepted.","קוד הקופון התקבל בהצלחה"
"The message has been sent.","ההודעה נשלחה בהצלחה"
"The message was sent.","ההודעה נשלחה"
"The order address has been updated.","כתובת ההזמנה עודכנה בהצלחה"
"The order email has been sent.","דוא""ל ההזמנה נשלח"
"The order has been cancelled.","ההזמנה בוטלה"
"The order has been created.","ההזמנה נוצרה בהצלחה"
"The order has been put on hold.","ההזמנה הועברה למצב המתנה"
"The order has been released from holding status.","ההזמנה הועברה ממצב המתנה"
"The order has not been cancelled.","ההזמנה לא בוטלה"
"The order status has been assigned.","סטאטוס ההזמנה יוחס "
"The order status has been saved.","סטאטוס ההזמנה נשמר "
"The order status has been unassigned.","בוטל הייחוס של סטאטוס ההזמנה"
"The order was not put on hold.","ההזמנה לא הועברה למצב המתנה"
"The order was not unheld.","The order was not unheld."
"The order was placed using %1","ההזמנה בוצעה באמצעות %1"
"The order(s) cannot be canceled","לא ניתן לבטל את ההזמנה"
"The payment has been accepted.","התשלום התקבל"
"The payment has been denied.","התשלום נדחה"
"The payment has been voided.","התשלום פג תוקף"
"The profile has been updated.","הפרופיל עודכן"
"The profile has no changes.","אין שינויים בפרופיל"
"The profile state has been updated.","סטאטוס הפרופיל עודכן"
"The requested Payment Method is not available.","שיטת התשלום שצוינה לא אפשרית"
"The transaction ""%1"" (%1) is already closed.","ההעברה ""%1"" (%1)  כבר סגורה."
"The transaction ""%1"" cannot be captured yet.","ההעברה ""%1"" עדיין לא ניתנת ללכידה."
"There are no billing agreements yet.","עדיין אין הסכמי חיוב"
"There are no printable documents related to selected orders.","אין מסמכים מקושרים להזמנה שנבחרה שניתן להדפיס"
"There is no need to approve this payment.","אין צורך לאשר תשלום זה"
"There is no need to deny this payment.","אין צורך לדחות תשלום זה"
"There is no update for the payment.","אין עדכון עבור תשלום זה"
"This message will be shown in shopping cart when subtotal after discount less than minimum amount.","הודעה זאת תוצג בעגלת הקניות כאשר סך הביניים לאחר הנחה יהיה מהמחיר המינימלי."
"This operation requires an existing transaction object.","פעולה זאת דורשת אובייקט העברה קיים."
"This order contains (%1) items and therefore cannot be edited through the admin interface at this time, if you wish to continue editing the (%1) items will be removed, the order will be canceled and a new order will be placed.","הזמנה זאת כוללת  (%1) פריטים ולכן לא ניתן לערוך אותה מממשק הניהול, אם אתה מעוניין להמשיך ולערוך את ההזמנה הפריטים  (%1)יוסרו מההזמנה , ההזמנה תבוטל ובמקומה תיווצר הזמנה חדשה."
"This order no longer exists.","הזמנה זו לא קיימת יותר."
"This product does not have any configurable options","למוצר זה אין אפשרויות התאמה"
"This product has not been configured.","מוצר זה לא הותאם."
"This profile state cannot be changed to ""%1"".","לא ניתן לשנות מצב פרופיל זה למצב ""%1""."
"This will create an offline refund. To create an online refund, open an invoice and create credit memo for it. Do you wish to proceed?","הדבר יצור החזר לא מקוון. כדי ליצור החזר מקוון, צור חשבונית עם תזכיר אשראי. האם אתה רוצה להמשיך?"
"Tier Pricing","תמחור מדורג"
"Title","כותרת"
"To","עבור/ל/עד"
"To Name","עד לשם"
"To:","עבור/ל/עד:"
"Total","סה""כ"
"Total %d product(s)","סה""כ %d מוצר(ים)"
"Total (ex)","סה""כ (ללא)"
"Total (inc)","סה""כ (כולל)"
"Total Due","סה""כ חוב"
"Total Invoiced","סה""כ חשבונית"
"Total Invoiced Paid","סה""כ חשבוניות ששולמו"
"Total Invoiced VS Paid Report","דו""ח סה""כ חשבוניות ביחס לתשלומים"
"Total Invoiced not Paid","סה""כ חשבוניות שלא שולמו"
"Total Ordered Report","דוח סה""כ הזמנות"
"Total Paid","סה""כ שולם"
"Total Qty","סה""כ כמות"
"Total Refund","סה""כ החזר כספי"
"Total Refunded","סה""כ הוחזר"
"Total Refunded Report","דו""ח סה""כ החזרים"
"Total Sales Shipping","סה""כ משלוחי מכירות"
"Total Shipped Report","דו""ח סה""כ נשלחו"
"Total Shipping","סה""כ משלוח"
"Total Shipping Charges","סה""כ חיובי משלוח"
"Total Tax","סה""כ מס"
"Track Order","איתור הזמנה"
"Track all shipment(s)","אתר משלוח/כל המשלוחים"
"Track all shipments","אתר אחרי כל המשלוחים"
"Track this shipment","אתר משלוח זה"
"Track your order","אתר את הזמנתך"
"Tracking","מעקב"
"Tracking Number","מספר איתור"
"Tracking Number(s):","מספר מעקב:"
"Transaction ""%1"" was already processed.","העברה  ""%1""  בוצעה."
"Transaction ID","קוד ID העברה"
"Transaction ID must not be empty."," קוד ID העברה חייב להכיל ערך"
"Transaction ID: ""%1"".","קוד ID העברה: ""%1""."
"Transaction Type","סוג העברה"
"Transactions","העברה"
"Trial ","ניסיון"
"Trial Payment","תשלום ניסיון"
"Trial Period","תקופת ניסיון"
"Trial period payment","תשלום עבור תקופת ניסיון"
"Unassign","בטל ייחוס"
"Unhold","בטל השהייה"
"Unhold action is not available.","לא ניתן לבטל השהיית פעולה"
"Unhold order","בטל השהיית הזמנה"
"Unknown State","מדינה לא ידועה"
"Unknown Status","סטאטוס לא ידוע"
"Unsupported transaction type ""%1"".","סוג העברה לא נתמך ""%1""."
"Update Changes","עדכן שינויים"
"Update Items and Qty\'s","עדכן פריטים וכמויות"
"Update Qty\'s","עדכן כמויות"
"Updated At","עודכן ב"
"Updated:","עודכנו:"
"Use Aggregated Data (beta)","השתמש במידע נצבר (בטא)"
"Use Order Status As Default","השתמש בסטאטוס הזמנה כברירת מחדל"
"Validate Each Address Separately in Multi-address Checkout","אמת כל כתובת בנפרד בצ'ק אאוט מרובה כתובות"
"Value","כערך"
"View","הצג"
"View All","הצג הכל"
"View Order","הצג הזמנה"
"Visible on Frontend","גלוי בממשק קדמי"
"Void","ריק"
"Void invoice","חשבונית שפגה תוקף"
"Voided authorization.","אימות שפג תוקף"
"Website","אתר"
"Whether buyer can define the date when billing for the profile begins.","האם קונה יכול להגדיר תאריך התחלת חיוב פרופיל מתחיל."
"Wishlist","Wishlist"
"Wrong billing agreement ID specified.","צוין קוד ID של הסכם חיוב שגוי"
"Wrong quote item id to update configuration."," קוד ציטוט שגוי עבור עדכון מאפיינים"
"Wrong state: ""%1"".","מצב שגוי: ""%1""."
"Yes","כן"
"You can leave a box blank if you don\'t wish to add a gift message for whole order","השאר את תיבת הטקסט ריקה אם אתה לא רוצה להוסיף הודעת ברכה לכל ההזמנה"
"You have placed no orders.","אין לך הזמנות עדיין"
"You will be redirected to the payment system website.","אתה תועבר לאתר מערכת התשלום"
"Your credit card will be charged for","כרטיס האשראי שלך יחויב בסכום של"
"ZIP/Post Code","מיקוד/ת.ד."
"Zip/Postal Code","מיקוד/ת.ד."
"the credit memo email is not sent","דוא""ל תזכיר האשראי לא נשלח"
"the credit memo email was sent","דוא""ל תזכיר האשראי נשלח"
"the invoice email is not sent","דוא""ל החשבונית לא נשלח"
"the invoice email was sent","דוא""ל החשבונית נשלח"
"the order confirmation email is not sent","דוא""ל אישור ההזמנה לא נשלח"
"the order confirmation email was sent","דוא""ל אישור ההזמנה נשלח"
"the shipment email is not sent","דוא""ל המשלוח לא נשלח"
"the shipment email was sent","דוא""ל המשלוח נשלח"
"This Item is Cancelled","הפריט הזה בוטל"
"List <br> Branches", "לורם איפסום <br> דולור"
"Free Shipping <br > Over 99 NIS", "משלוח חינם <br > מעל 99₪"
"Returns <br> with ease", "החזרות <br> בקלות"
"Do you have any questions? <br> Contact us now", "יש לכם שאלות? <br> צרו קשר כעת"
"Thanks for signing up!", "תודה שנרשמת!"
"Email:","אימייל:"
"Password:","סיסמה:"
"Password you set when creating account","סיסמה שתגדיר בעת יצירת חשבון"
"Forgot your account password? Click <a href=""%reset_url"">here</a> to reset it.","שכחת את הסיסמה? לחץ כאן <a href=""%reset_url"">כאן</a>כדי לאפס אותו."
"Welcome to %store_name.","ברוך הבא ל %store_name."
"To sign in to our site, use these credentials during checkout or on the <a href=""%customer_url"">My Account</a> page:","כדי להיכנס לאתר שלנו, השתמש באישורים אלה במהלך התשלום או ב<a href=""%customer_url">החשבון שלי</a> עמוד:- "
"You have been successfully subscribed to our newsletter.","נרשמת בהצלחה לניוזלטר שלנו."
"You have successfully subscribed to our newsletter via email address","נרשמת בהצלחה לניוזלטר שלנו באמצעות כתובת מייל."
"Hi %name", "היי  %name"
"Thanks for the invitation, stay tuned!", "תודה על ההזמנה, תתחדשו!"
"Thank you for placing your order on the ALDO Shoes Israel website. Once your package is shipped, we will update you by email with a tracking number.","אנו מודים לך על הזמנתך באתר ALDO Shoes Israel. ברגע שהחבילה שלך תישלח, נעדכן אותך במייל עם מספר למעקב."
"Tracking orders", "מעקב הזמנות"
"Your Order <span class=""no-link"">#%increment_id</span>", "פרטי הזמנה <span class=""no-link"">#%increment_id</span>"
"Billing Info","שיטת תשלום:"
"Payment Details:","פרטי תשלום:"
"delivery details:","שיטת תשלום:"
"Shipping Info:","פרטי תשלום:"
"Delivery Details","פרטי משלוח:"
"View invitation","צפייה בהזמנה"
"Order summary", "סיכום הזמנה"
"Delivery time: We do our best to deliver the order up to 7 business days. In some cases, up to 14 business days may be exceeded. <br > Self-collection at the branch: When choosing a self-collection at the branch, the selected branch will contact you as soon as the package is available for collection. In order to collect the order, you must present the order payment confirmation sent to you by email and an ID card. <br > pay attention: If after the purchase the product you selected is out of stock or in case your credit information has not been entered in the system - Your order may be canceled by us. Our customer service will contact you for clarification and updating.", "זמן אספקה:
                                                                                                                                   אנו עושים כמיטב יכולתנו לספק את ההזמנה עד 7 ימי עסקים.
                                                                                                                                   במקרים מסוימים תיתכן חריגה של עד 14 ימי עסקים.
                                                                                                                                   <br /><br />
                                                                                                                                   איסוף עצמי בסניף:
                                                                                                                                   בבחירת איסוף עצמי בסניף, הסניף הנבחר יצור איתך קשר ברגע שהחבילה זמינה לאיסוף.
                                                                                                                                   על מנת לאסוף את ההזמנה, יש להציג את אישור תשלום ההזמנה שנשלח אליך למייל ותעודה מזהה.
                                                                                                                                    <br /><br />
                                                                                                                                   שימו לב:
                                                                                                                                   במידה ולאחר הקניה המוצר שבחרת אזל מהמלאי או במקרה שפרטי האשראי שלך לא נקלטו במערכת -
                                                                                                                                   "הזמנתכם עלולה להתבטל על ידינו. שירות הלקוחות שלנו ייצור עמך קשר לבירור ולעדכון.
"Subtotal","סך ביניים"
"Shipping & Handling","טיפול ומשלוח"
"Tax","מע״מ"
"Discount","הנחה"
"Grand Total","סה״כ"
"An order is waiting for you at the branch!", "הזמנה ממתינה לך בסניף!"
"We are happy to inform you that order number <span class="no-link">#%increment_id</span> is waiting for you to pick up at the branch. Please bring your order number and ID to collect the order. waiting for you!","אנו שמחים לבשר לך שהזמנה מספר <span class="no-link">#%increment_id</span> ממתינה לך לאיסוף בסניף .נא להצטייד במספר ההזמנה ובתעודה מזהה כדי לאסוף את ההזמנה.מחכים לך!"
"An order is waiting for you at the branch!","הזמנה ממתינה לך בסניף!"
"Hi, %customer_name,","%customer_name היי"
"Thanks for your order!", "ההזמנה סופקה, תתחדשו!"
"Thank you for ordering from the ALDO SHOES ISRAEL website and hope the shopping experience was enjoyable.","אנו מודים לך על הזמנת מאתר ALDO SHOES ISRAEL ומקווים שחווית הקניה הייתה מהנה"
"We would love to see you with us again :)","נשמח לראותך אצלינו שוב :)"
"Order was shipped","הזמנה בדרך אליך!"
"For order:", "עבור הזמנה:"
